Variable,VIF,Severity
ROE,2.330061053051084,[OK]
EPS,1.8530304323930955,[OK]
K,1.728741864167277,[OK]
PPO,1.5991035044884327,[OK]
OM,1.4686371824509248,[OK]
SIZE,1.3643390163124693,[OK]
LEV,1.183879900274245,[OK]
RSI,1.1167043399405923,[OK]
BIAS,1.0956900744043776,[OK]
FCF,1.031191267942097,[OK]
