Variable,VIF,Severity
PPO,2.350147308590316,[OK]
ROE,2.215451880816256,[OK]
RSI,2.1007821061322955,[OK]
EPS,2.0558492445629963,[OK]
K,1.3872172808523642,[OK]
SIZE,1.2966385900163306,[OK]
OM,1.259419263329072,[OK]
LEV,1.1652848847711146,[OK]
BIAS,1.0479190133804517,[OK]
FCF,1.0226682883324802,[OK]
